,URL,percent_skin_SkinLikelihood_6,percent_skin_abg,percent_skin_cbcr,percent_skin_cccm,percent_skin_equalized_abg,percent_skin_equalized_cbcr,percent_skin_equalized_cccm,percent_skin_adapt_abg,percent_skin_adapt_cbcr,percent_skin_adapt_cccm,label_number,area_covered_max,area_covered_mode,density_max,density_mode,hwratio_max,hwratio_mode,density_hull_max,density_hull_mode,circularity_max,circularity_mode
0,http://scontent-a.cdninstagram.com/hphotos-xaf1/t51.2885-15/10254102_743505255681386_1413408838_n.jpg,0.01915283203125,0.11755859375,0.33269775390625,-1.0,0.076240234375,0.324248046875,0.05148681640625,0.073115234375,0.321875,0.04216552734375,1.0,0.02010986328125,0.02010986328125,0.8277285419448829,0.8277285419448829,2.3951524327536124,2.3951524327536124,0.5202096753820892,0.5202096753820892,0.9086723458118693,0.9086723458118693
1,http://scontent-b.cdninstagram.com/hphotos-xpf1/t51.2885-15/10261034_1436286779953196_1592295642_n.jpg,0.03126220703125,0.0399072265625,0.2833203125,-1.0,0.0895947265625,0.382275390625,0.12403076171875,0.1636083984375,0.473974609375,0.1885546875,3.0,0.00185546875,0.000380859375,0.9562043795620438,0.717948717948718,3.7265908161014725,1.704511835130789,0.8529741863075196,0.5306122448979592,0.9633237726578343,0.8098201313350428
2,http://scontent-a.cdninstagram.com/hphotos-xap1/t51.2885-15/928020_618890641562031_2003733378_n.jpg,0.01354736328125,0.06519775390625,0.31463134765625,-1.0,0.0513671875,0.26665283203125,0.038974609375,0.05154296875,0.26784423828125,0.03870361328125,2.0,0.00072998046875,0.00015869140625,0.9899665551839465,0.9846153846153847,2.588367185408241,1.8448650665089024,0.8783783783783784,0.844632768361582,0.9223547869627305,0.8403494216002285
3,http://scontent-b.cdninstagram.com/hphotos-xpf1/t51.2885-15/1169213_1436052226626127_146164263_n.jpg,0.297041015625,0.29037841796875,0.513359375,-1.0,0.27856689453125,0.1280419921875,0.74344482421875,0.4592822265625,0.7100537109375,0.699599609375,2.0,0.484580078125,0.00012939453125,0.7171963483202676,0.6226415094339622,1.2896001786081792,1.214154790859313,0.9298245614035088,0.674523717282113,0.6314284607681593,0.5671446359311532
4,http://scontent-b.cdninstagram.com/hphotos-xfp1/t51.2885-15/10453911_1520325298181744_1501008412_n.jpg,0.0906103515625,0.36857666015625,0.3170703125,-1.0,0.21708740234375,0.243701171875,0.397890625,0.4059326171875,0.4658154296875,0.28896240234375,10.0,0.03423828125,0.0001708984375,0.9936808846761453,0.5509259259259259,4.043609773588019,1.0199111545963533,0.9486166007905138,0.44863879202789597,0.9689379950120818,0.19663101196398253
5,http://scontent-a.cdninstagram.com/hphotos-xfa1/outbound-distilleryimage11/t0.0-17/OBPTH/af1bdbaeab2411e3bc5912294d621823_8.jpg,0.19682861328125,0.42314208984375,0.58916015625,-1.0,0.31433349609375,0.35635498046875,0.48112060546875,0.3738818359375,0.72328125,0.28959716796875,7.0,0.218154296875,0.0001513671875,0.9985580389329488,0.8810068649885584,3.83487209466143,1.0966445745201674,0.8292220113851992,0.4487905818064931,0.9654023369215337,0.41047362067146537
6,http://scontent-b.cdninstagram.com/hphotos-xap1/t51.2885-15/10387809_653456821407832_694108239_n.jpg,0.0085302734375,0.02935791015625,0.04396240234375,-1.0,0.02574462890625,0.05906982421875,0.09247802734375,0.18206298828125,0.326552734375,0.13302734375,1.0,-1.0,-1.0,-1.0,-1.0,-1.0,-1.0,-1.0,-1.0,-1.0,-1.0
7,http://scontent-a.cdninstagram.com/hphotos-xaf1/t51.2885-15/10013130_220227168186838_1188930646_n.jpg,0.1367431640625,0.19649658203125,0.22015380859375,-1.0,0.1123486328125,0.427373046875,0.5027099609375,0.79049072265625,0.42071044921875,0.76364013671875,5.0,0.0115234375,0.000439453125,0.9985652797704447,0.5834745762711865,8.3724904119418,1.189685483155865,0.8145003265839321,0.5494121755325341,0.9928415679169297,0.5417211040329116
8,http://scontent-b.cdninstagram.com/hphotos-xpf1/outbound-distilleryimage11/t0.0-17/OBPTH/6eb38bc0ae3f11e39dc4120cf9a4763f_8.jpg,0.11758544921875,0.0950146484375,0.19703857421875,-1.0,0.17551025390625,0.338701171875,0.432666015625,0.487158203125,0.51221923828125,0.52930419921875,2.0,0.00283935546875,0.00062744140625,0.9819432502149613,0.688715953307393,2.034876227699032,1.277180492880885,0.7342171717171717,0.6983695652173914,0.870916862028438,0.6220535631415317
9,http://scontent-a.cdninstagram.com/hphotos-xpa1/t51.2885-15/10467947_557497461034511_1684706491_n.jpg,0.1255908203125,0.08166259765625,0.1625341796875,-1.0,0.1984326171875,0.35787109375,0.42685791015625,0.49033935546875,0.4790771484375,0.549638671875,1.0,0.00289794921875,0.00289794921875,0.7893850042123,0.7893850042123,3.1548964809438598,3.1548964809438598,0.7658064516129032,0.7658064516129032,0.9484363624834581,0.9484363624834581
10,http://scontent-a.cdninstagram.com/hphotos-xpa1/t51.2885-15/925049_597441487039304_518186477_n.jpg,0.04188720703125,0.17767822265625,0.30741455078125,-1.0,0.17734130859375,0.36933349609375,0.1637841796875,0.14060546875,0.36990478515625,0.0998193359375,3.0,0.003447265625,0.00021728515625,0.9662921348314607,0.7484662576687117,5.8141860399522445,1.8007141792563544,0.8830519074421513,0.5632911392405063,0.9850981506993394,0.8316265967646893
11,http://scontent-b.cdninstagram.com/hphotos-xfa1/t51.2885-15/10554250_559346740857454_1092790309_n.jpg,0.15211669921875,0.29284423828125,0.34032958984375,-1.0,0.27870849609375,0.4824951171875,0.36525146484375,0.34603759765625,0.41625732421875,0.3258740234375,1.0,-1.0,-1.0,-1.0,-1.0,-1.0,-1.0,-1.0,-1.0,-1.0,-1.0
12,http://scontent-b.cdninstagram.com/hphotos-xap1/t51.2885-15/10533261_301874673326754_601111086_n.jpg,0.05728271484375,0.231943359375,0.26058837890625,-1.0,0.1288623046875,0.333779296875,0.32086181640625,0.40678466796875,0.38016845703125,0.36032470703125,3.0,0.00132568359375,0.00019287109375,0.8456375838926175,0.5063291139240507,2.737309639742208,1.7380481779075052,0.8662790697674418,0.6475409836065574,0.9308811335294923,0.8179016574239387
13,http://scontent-b.cdninstagram.com/hphotos-xpf1/outbound-distilleryimage1/t0.0-17/OBPTH/d836ba3cab3711e3b9b40e9c7b1acf11_8.jpg,0.1287451171875,0.1037451171875,0.251201171875,-1.0,0.171962890625,0.3159375,0.14207275390625,0.32935302734375,0.42798095703125,0.28266845703125,8.0,0.08594482421875,0.00013427734375,0.9795074600035952,0.5621761658031088,12.351574437267038,1.4199266130767607,0.9552238805970149,0.451685393258427,0.996717242579603,0.709940412198609
14,http://scontent-a.cdninstagram.com/hphotos-xpf1/t51.2885-15/1516491_600510340022155_2053552586_n.jpg,0.12202392578125,0.30497802734375,0.62562744140625,-1.0,0.58205810546875,0.63487060546875,0.6027001953125,0.4419970703125,0.75921875,0.32154052734375,13.0,0.03327392578125,0.0002880859375,0.9955995599559956,0.6186440677966102,8.146438962048267,1.7019967725830234,0.8204667863554758,0.4373341197286936,0.9924372502198419,0.8091913627396446
15,http://scontent-b.cdninstagram.com/hphotos-xaf1/t51.2885-15/10432074_572950876135995_2105924449_n.jpg,0.05457763671875,0.1370458984375,0.3234375,-1.0,0.1361376953125,0.33584228515625,0.34582763671875,0.2958251953125,0.5033251953125,0.32490966796875,4.0,0.005888671875,0.000166015625,0.9148936170212766,0.5882352941176471,5.409793686454803,1.230261807920547,0.7877094972067039,0.2809551543389633,0.9827667588512746,0.582493839744503
16,http://scontent-a.cdninstagram.com/hphotos-xap1/t51.2885-15/925044_539779786144898_442966052_n.jpg,0.02727783203125,0.1449072265625,0.4059423828125,-1.0,0.12850341796875,0.41893798828125,0.09025146484375,0.119306640625,0.4290087890625,0.06954345703125,1.0,0.00057861328125,0.00057861328125,0.8227848101265823,0.8227848101265823,2.078391936612982,2.078391936612982,0.797979797979798,0.797979797979798,0.8766431093906073,0.8766431093906073
17,http://scontent-a.cdninstagram.com/hphotos-xfa1/outbound-distilleryimage0/t0.0-17/OBPTH/1c70c1ce99b411e3864a1214b0ba1990_8.jpg,0.1669970703125,0.3084130859375,0.5843017578125,-1.0,0.2358203125,0.341181640625,0.54743408203125,0.2929052734375,0.60945556640625,0.359384765625,7.0,0.07469482421875,0.0003076171875,0.9920634920634921,0.589802255270469,4.95995627285227,1.6106895061784545,0.8811188811188811,0.43191721132897604,0.9794649154234726,0.7839277013267735
18,http://scontent-b.cdninstagram.com/hphotos-xap1/t51.2885-15/926007_182269111970313_43134466_n.jpg,0.019041821521636977,0.083279935067709,0.3461462471698919,-1.0,0.01876949036695288,0.3523164167627835,0.011867764535007904,0.07278984578580888,0.36279849630484,0.026127771369985904,2.0,0.004234482464009569,0.0017541330257593234,0.8858764186633039,0.8538812785388128,1.7048066875386947,1.104713481867318,0.8610206297502715,0.7630662020905923,0.8098936307126917,0.4249600825308892
19,http://scontent-a.cdninstagram.com/hphotos-xpf1/t51.2885-15/10560929_1489009954675059_937455213_n.jpg,0.00829345703125,0.036357421875,0.6957958984375,-1.0,0.241484375,0.58900146484375,0.15484619140625,0.029375,0.58151611328125,0.03562744140625,1.0,-1.0,-1.0,-1.0,-1.0,-1.0,-1.0,-1.0,-1.0,-1.0,-1.0
20,http://scontent-b.cdninstagram.com/hphotos-xpf1/t51.2885-15/10358335_1517449361812462_403553807_n.jpg,0.100439453125,0.026923828125,0.160751953125,-1.0,0.19412109375,0.14786376953125,0.6586376953125,0.5519677734375,0.721259765625,0.7807666015625,11.0,0.0678515625,0.00016845703125,0.9611650485436893,0.5186666666666667,3.095282360256557,1.1584961251944164,0.8518518518518519,0.6959459459459459,0.9463742849168497,0.5048825676190419
21,http://scontent-a.cdninstagram.com/hphotos-xpf1/t51.2885-15/10251503_734560483232715_1872515421_n.jpg,0.0910400390625,0.22555419921875,0.34421875,-1.0,0.2932958984375,0.49521240234375,0.38993896484375,0.32113525390625,0.4763818359375,0.32463134765625,4.0,0.00478515625,0.00030517578125,0.968,0.8744897959183674,7.461184430787992,1.5266752452593546,0.683982683982684,0.5053995680345572,0.9909776835147212,0.7556131409054285
22,http://scontent-a.cdninstagram.com/hphotos-xaf1/t51.2885-15/10311324_227283064137654_2123523929_n.jpg,0.067490234375,0.1486083984375,0.43176513671875,-1.0,0.1009765625,0.36137939453125,0.23268310546875,0.21563232421875,0.52810791015625,0.16894775390625,5.0,0.0285107421875,0.0002587890625,0.9835766423357665,0.6698113207547169,3.708661201386522,2.0248582689131105,0.9920634920634921,0.5468304452730862,0.9629614559880421,0.8695404506937524
23,http://scontent-b.cdninstagram.com/hphotos-xap1/t51.2885-15/925935_694084920629423_1100081721_n.jpg,0.03309326171875,0.0820361328125,0.12333251953125,-1.0,0.08467529296875,0.2421923828125,0.295888671875,0.42628662109375,0.20911376953125,0.4010888671875,1.0,-1.0,-1.0,-1.0,-1.0,-1.0,-1.0,-1.0,-1.0,-1.0,-1.0
24,http://scontent-b.cdninstagram.com/hphotos-xaf1/t51.2885-15/10254102_626121520808525_1388498423_n.jpg,0.1355419921875,0.07374755859375,0.24537353515625,-1.0,0.19212158203125,0.4665185546875,0.34192626953125,0.38749755859375,0.45748046875,0.40069580078125,1.0,0.000146484375,0.000146484375,0.9666666666666667,0.9666666666666667,2.2315196214807425,2.2315196214807425,0.7317073170731707,0.7317073170731707,0.8939708474471327,0.8939708474471327
25,http://scontent-b.cdninstagram.com/hphotos-xpf1/t51.2885-15/10549799_762932680425940_1432653786_n.jpg,0.06098876953125,0.08045654296875,0.20621826171875,-1.0,0.15353271484375,0.36420166015625,0.2095068359375,0.232783203125,0.4513525390625,0.25909423828125,5.0,0.00628173828125,0.0001806640625,0.9864864864864865,0.6039642440730665,2.141265351185562,1.2442597321007027,0.9124423963133641,0.598511281693417,0.8842501427513819,0.5950472473114579
26,http://scontent-b.cdninstagram.com/hphotos-xap1/t51.2885-15/10549665_697631020290034_1872339213_n.jpg,0.0353564453125,0.10086181640625,0.22060791015625,-1.0,0.09207763671875,0.27078125,0.1420263671875,0.14944580078125,0.37216064453125,0.1403173828125,1.0,0.002880859375,0.002880859375,0.6635593220338983,0.6635593220338983,2.5584428362549443,2.5584428362549443,0.6085611139762764,0.6085611139762764,0.9204489727770452,0.9204489727770452
27,http://scontent-a.cdninstagram.com/hphotos-xpa1/outbound-distilleryimage6/t0.0-17/OBPTH/e0574170686411e3aae20e322b3babb6_7.jpg,0.09562027425349225,0.3671531248665043,0.45872314067239095,-1.0,0.11245674740484429,0.15714041607928575,0.43985219360075184,0.22364261608782945,0.9416650647186979,0.10599288735101883,11.0,0.015055640992780554,0.0003417488999957281,0.9559082892416225,0.5088702147525677,3.6269610139960395,1.256193431976765,0.9349593495934959,0.53440150801131,0.9612400259839028,0.6052233048795652
28,http://scontent-b.cdninstagram.com/hphotos-xfp1/t51.2885-15/10474926_250827311791137_334787807_n.jpg,0.08075927734375,0.10199951171875,0.339296875,-1.0,0.1015771484375,0.198203125,0.27098388671875,0.147626953125,0.38203369140625,0.10910400390625,3.0,0.06107421875,0.0003662109375,0.9765765765765766,0.7282139430764311,2.798073462363774,1.3212697546449763,0.9259259259259259,0.7820921653223285,0.9339557139015029,0.6535912562368824
29,http://scontent-a.cdninstagram.com/hphotos-xpf1/t51.2885-15/10005287_1424780794438652_1870828677_n.jpg,0.0734521484375,0.1047802734375,0.1727978515625,-1.0,0.1628369140625,0.54717041015625,0.309140625,0.3736962890625,0.46197998046875,0.394970703125,3.0,0.04341064453125,0.00025146484375,0.9508196721311475,0.6893203883495146,7.661072059856636,1.594139979977229,0.7984496124031008,0.6874806681101144,0.9914443555252975,0.7787797284550355
30,http://scontent-b.cdninstagram.com/hphotos-xap1/t51.2885-15/928260_487437111399752_2089898629_n.jpg,0.06231201171875,0.22113525390625,0.257802734375,-1.0,0.1803173828125,0.39875732421875,0.37176025390625,0.251884765625,0.49024169921875,0.28176025390625,2.0,0.000517578125,0.00030517578125,0.704,0.6367924528301887,2.945791330853468,1.7208424533934983,0.8741258741258742,0.7910447761194029,0.9406178357455246,0.813824507582054
31,http://scontent-a.cdninstagram.com/hphotos-xpa1/t51.2885-15/10013330_690135827694128_485938043_n.jpg,0.1430908203125,0.47070556640625,0.55998046875,-1.0,0.3106103515625,0.5536083984375,0.25657958984375,0.40778564453125,0.5757861328125,0.2548974609375,3.0,0.0988037109375,0.0001708984375,0.9976557921469037,0.963503829997529,3.065372992423729,1.5368409491773827,0.6730769230769231,0.3763693846040732,0.9452922971343314,0.759347405947809
32,http://scontent-b.cdninstagram.com/hphotos-xap1/outbound-distilleryimage5/t0.0-17/OBPTH/4665ea06ad6711e3802612986f7fd881_8.jpg,0.03455078125,0.14135009765625,0.3759228515625,-1.0,0.13327880859375,0.33681396484375,0.26716064453125,0.21715087890625,0.42953125,0.18485107421875,2.0,0.009228515625,0.00495361328125,0.8989650073928044,0.8164021164021164,1.9079814712129475,1.3659057024733496,0.819068255687974,0.8129006410256411,0.8516480526409372,0.6811810948513102
33,http://scontent-b.cdninstagram.com/hphotos-xap1/outbound-distilleryimage9/t0.0-17/OBPTH/80f1890ea1dd11e3b70d0e419024fb7d_8.jpg,0.0349462890625,0.13936279296875,0.4242919921875,-1.0,0.2198486328125,0.55565673828125,0.24669189453125,0.22032958984375,0.4440966796875,0.223330078125,4.0,0.00155029296875,0.000126953125,0.9952755905511811,0.6369426751592356,3.4123324050530104,1.630476049454886,0.8306878306878307,0.6108374384236454,0.9560956810222718,0.7898362259788008
34,http://scontent-a.cdninstagram.com/hphotos-xfa1/t51.2885-15/10553974_257906537735245_1156866916_n.jpg,0.03919189453125,0.11216796875,0.38848876953125,-1.0,0.078603515625,0.22711669921875,0.194228515625,0.11744873046875,0.52810791015625,0.1109765625,4.0,0.0013330078125,0.00044189453125,0.9854014598540146,0.6012526096033403,4.62882959477905,1.4577952113297914,0.8132427843803056,0.6284722222222222,0.9763851037389005,0.7276322680616881
35,http://scontent-b.cdninstagram.com/hphotos-xpf1/outbound-distilleryimage1/t0.0-17/OBPTH/072ab748aee011e3af2a124999f6a89d_8.jpg,0.00185302734375,0.04657470703125,0.04684814453125,-1.0,0.04027587890625,0.14024658203125,0.0919873046875,0.05753173828125,0.05411376953125,0.1194775390625,1.0,-1.0,-1.0,-1.0,-1.0,-1.0,-1.0,-1.0,-1.0,-1.0,-1.0
36,http://scontent-b.cdninstagram.com/hphotos-xpa1/t51.2885-15/924965_743436145678713_844610914_n.jpg,0.03252685546875,0.0635986328125,0.11609375,-1.0,0.04126220703125,0.09689697265625,0.0321337890625,0.09569091796875,0.1501953125,0.06855712890625,4.0,0.01148193359375,0.00031982421875,0.9995747395279608,0.5114503816793893,2.132332285020856,1.0631347950538275,0.8380281690140845,0.6796980318145053,0.8832140638984174,0.33947661024784975
37,http://scontent-b.cdninstagram.com/hphotos-xap1/t51.2885-15/1171236_261788270640255_1844215895_n.jpg,0.0187109375,0.09135498046875,0.18363525390625,-1.0,0.024189453125,0.08374267578125,0.147919921875,0.0602978515625,0.22105224609375,0.03002685546875,1.0,0.0005224609375,0.0005224609375,0.7289719626168224,0.7289719626168224,2.359861441222078,2.359861441222078,0.8359375,0.8359375,0.905777460480931,0.905777460480931
38,http://scontent-b.cdninstagram.com/hphotos-xfa1/t51.2885-15/914428_1440868192853554_309477215_n.jpg,0.02454345703125,0.04810791015625,0.0372021484375,-1.0,0.082158203125,0.19009765625,0.23719970703125,0.14649658203125,0.16939453125,0.39457275390625,2.0,0.0077099609375,0.0001611328125,0.9968334388853705,0.9696969696969697,6.6167387067972285,1.3366278196838353,0.8164426059979317,0.7333333333333333,0.9885136125350554,0.6635280357424242
39,http://scontent-b.cdninstagram.com/hphotos-xap1/t51.2885-15/10554153_304916756357583_1578127674_n.jpg,0.0299267578125,0.1664453125,0.11544921875,-1.0,0.08999755859375,0.25059326171875,0.276689453125,0.14449462890625,0.16984130859375,0.1291455078125,1.0,-1.0,-1.0,-1.0,-1.0,-1.0,-1.0,-1.0,-1.0,-1.0,-1.0
40,http://scontent-b.cdninstagram.com/hphotos-xfp1/outbound-distilleryimage5/t0.0-17/OBPTH/44738f10ae6011e38d850ea5c7fe25ed_8.jpg,0.02804931640625,0.18183349609375,0.61176025390625,-1.0,0.360078125,0.5967529296875,0.35466796875,0.24186279296875,0.7469384765625,0.19693359375,3.0,0.001240234375,0.00025390625,0.9903846153846154,0.8960244648318043,4.184616478908498,2.5641786772922663,0.8455284552845529,0.7186813186813187,0.9710268213730444,0.9208197595156979
41,http://scontent-b.cdninstagram.com/hphotos-xfa1/t51.2885-15/1168501_672258456147784_1303539108_n.jpg,0.08873779296875,0.31658203125,0.44201171875,-1.0,0.25716796875,0.52448486328125,0.53275390625,0.51220458984375,0.68422607421875,0.444443359375,4.0,0.00075439453125,0.00015869140625,0.9767441860465116,0.7313915857605178,2.6060304599677235,1.2148217150671252,0.9285714285714286,0.3452513966480447,0.9234472595386276,0.5678007081373393
42,http://scontent-a.cdninstagram.com/hphotos-xap1/t51.2885-15/923580_540569409392509_1787670036_n.jpg,0.0591796875,0.04362060546875,0.1284033203125,-1.0,0.03937744140625,0.11148681640625,0.271298828125,0.22163818359375,0.3158984375,0.14379638671875,6.0,0.013115234375,0.0001513671875,0.6290322580645161,0.5422561429635145,2.7663991295329344,1.169208935115827,0.875,0.4302763315979175,0.9323795770926981,0.518167551065736
43,http://scontent-a.cdninstagram.com/hphotos-xpa1/t51.2885-15/928276_321990501291680_1380748697_n.jpg,0.05086718783373916,0.0824923106497501,0.18584198385236447,-1.0,0.08501003887393738,0.20322845913964716,0.278482634884019,0.2519490366952881,0.5584977999914563,0.19210026058353624,6.0,0.0058150711264898115,0.0002029134093724636,0.9856115107913669,0.522911051212938,2.69289233317204,1.4936604579561563,0.8509174311926605,0.4720496894409938,0.9284937873403449,0.7428154809949908
44,http://scontent-b.cdninstagram.com/hphotos-xpf1/outbound-distilleryimage5/t0.0-17/OBPTH/bcee837cb0a511e3a1cd0a6ea6ffa675_8.jpg,0.04038330078125,0.155546875,0.53898193359375,-1.0,0.27782470703125,0.53599365234375,0.2753515625,0.20995849609375,0.57415283203125,0.178193359375,7.0,0.002080078125,0.00015869140625,0.9879518072289156,0.5076923076923077,3.600163516930903,1.35001603422118,0.7837837837837838,0.6067415730337079,0.9606490072684876,0.6718007061174808
45,http://scontent-a.cdninstagram.com/hphotos-xpf1/t51.2885-15/10354303_758563207528923_1895269278_n.jpg,0.03149658203125,0.13315673828125,0.3302734375,-1.0,0.1230078125,0.50148193359375,0.26857421875,0.282705078125,0.4006494140625,0.29096435546875,2.0,0.00361083984375,0.00074951171875,0.7450980392156863,0.5667752442996743,2.3148395952341727,1.9345233927423333,0.7713567839195979,0.56644963615473,0.9018758205032267,0.8560317852784487
46,http://scontent-a.cdninstagram.com/hphotos-xfa1/outbound-distilleryimage6/t0.0-17/OBPTH/7480c9baa1b911e3989212e9248681d6_8.jpg,0.132021484375,0.1433837890625,0.1293896484375,-1.0,0.2184228515625,0.27833740234375,0.43553466796875,0.3706005859375,0.42475341796875,0.69058349609375,3.0,0.0058984375,0.00018310546875,0.9971153846153846,0.6531456953642384,4.353231825162208,1.7724481385837192,0.8531583264971287,0.3440366972477064,0.9732580841247089,0.8256440286754495
47,http://scontent-a.cdninstagram.com/hphotos-xap1/t51.2885-15/928551_275998125914090_1721173500_n.jpg,0.02568603515625,0.10477294921875,0.05652587890625,-1.0,0.10889892578125,0.21893310546875,0.22213623046875,0.1477978515625,0.30649169921875,0.188662109375,1.0,-1.0,-1.0,-1.0,-1.0,-1.0,-1.0,-1.0,-1.0,-1.0,-1.0
48,http://scontent-b.cdninstagram.com/hphotos-xpa1/t51.2885-15/10488715_1460446414204510_895239365_n.jpg,0.01317138671875,0.05344970703125,0.08006103515625,-1.0,0.059150390625,0.107099609375,0.11764404296875,0.10979736328125,0.09463134765625,0.08359130859375,1.0,0.000205078125,0.000205078125,0.9642857142857143,0.9642857142857143,8.972858394072746,8.972858394072746,0.6666666666666666,0.6666666666666666,0.993770355877786,0.993770355877786
49,http://scontent-a.cdninstagram.com/hphotos-xpa1/t51.2885-15/925331_1469449036647609_234933961_n.jpg,0.0587548828125,0.0789404296875,0.40364013671875,-1.0,0.19281982421875,0.54907470703125,0.313564453125,0.2753271484375,0.72324951171875,0.31611083984375,2.0,0.00213623046875,0.00029541015625,0.5702479338842975,0.5554285714285714,3.2671533345095343,3.127098493065698,0.7297748123436196,0.654054054054054,0.952006807800761,0.9474900466167979
50,http://scontent-b.cdninstagram.com/hphotos-xfp1/t51.2885-15/10387836_294165014083742_266888470_n.jpg,0.054580078125,0.15962890625,0.59245361328125,-1.0,0.14383056640625,0.65143310546875,0.20057373046875,0.238798828125,0.6556494140625,0.21815673828125,2.0,0.00383056640625,0.0009326171875,0.8260038240917782,0.6963350785340314,9.822092580804611,1.5656760415461979,0.7276190476190476,0.6930212014134276,0.9948037291296503,0.7694544152327764
51,http://scontent-b.cdninstagram.com/hphotos-prn/t51.2885-15/10413960_526092040849966_1349603543_n.jpg,0.00605712890625,0.0252001953125,0.0741357421875,-1.0,0.01279541015625,0.08411376953125,0.01168701171875,0.01503662109375,0.07818115234375,0.0078955078125,1.0,-1.0,-1.0,-1.0,-1.0,-1.0,-1.0,-1.0,-1.0,-1.0,-1.0
52,http://scontent-a.cdninstagram.com/hphotos-xpa1/t51.2885-15/10296998_509412985855552_1819239235_n.jpg,0.03585693359375,0.10941650390625,0.16209228515625,-1.0,0.0860498046875,0.20431884765625,0.10333984375,0.1292431640625,0.248330078125,0.13325439453125,2.0,0.00288818359375,0.00168701171875,0.9822485207100592,0.9406657018813314,4.048805546896318,2.9867325139169565,0.6468015308911974,0.5677896466721446,0.9690189403652651,0.9422842214516428
53,http://scontent-a.cdninstagram.com/hphotos-xfa1/t51.2885-15/1169923_242895549248213_1479722230_n.jpg,0.1043505859375,0.2142919921875,0.451796875,-1.0,0.13345458984375,0.28635009765625,0.295185546875,0.2214208984375,0.4705419921875,0.176181640625,23.0,0.01041748046875,0.000126953125,0.9839357429718876,0.5846153846153846,6.570467708458987,1.0558915228599814,0.9701492537313433,0.28206583427922816,0.9883503057010962,0.32103602257742664
54,http://scontent-a.cdninstagram.com/hphotos-xpf1/t51.2885-15/10299838_620668391365859_786839948_n.jpg,0.009736328125,0.05399169921875,0.14422119140625,-1.0,0.03562744140625,0.15783447265625,0.04811767578125,0.0503759765625,0.3070556640625,0.03959716796875,1.0,0.001318359375,0.001318359375,0.7185185185185186,0.7185185185185186,2.9381499332978875,2.9381499332978875,0.5561277033985582,0.5561277033985582,0.9402987409488254,0.9402987409488254
55,http://scontent-b.cdninstagram.com/hphotos-xfa1/t51.2885-15/10401598_743142202404246_919481246_n.jpg,0.04865234375,0.143544921875,0.265244140625,-1.0,0.0883447265625,0.2943017578125,0.07607177734375,0.1513623046875,0.30496337890625,0.1165185546875,1.0,0.00062255859375,0.00062255859375,0.7058823529411765,0.7058823529411765,8.956640931544277,8.956640931544277,0.7478005865102639,0.7478005865102639,0.9937477048441005,0.9937477048441005
56,http://scontent-a.cdninstagram.com/hphotos-xfa1/outbound-distilleryimage6/t0.0-17/OBPTH/e60dc040ac7411e3babd1241ef079fb6_8.jpg,0.01199462890625,0.18959716796875,0.5577197265625,-1.0,0.24040771484375,0.49393798828125,0.23769287109375,0.074111328125,0.54195556640625,0.03951171875,1.0,0.00158935546875,0.00158935546875,0.7019969278033794,0.7019969278033794,1.8724191169304343,1.8724191169304343,0.7640845070422535,0.7640845070422535,0.8454412319937711,0.8454412319937711
57,http://scontent-a.cdninstagram.com/hphotos-xpf1/t51.2885-15/10525535_621757204610012_933626040_n.jpg,0.0689501953125,0.19285400390625,0.245205078125,-1.0,0.22566650390625,0.43422119140625,0.37963134765625,0.33897216796875,0.5527197265625,0.4637841796875,2.0,0.00958740234375,0.00302734375,0.9145161290322581,0.5014005602240896,7.3705243296972025,2.1859260276684958,0.6170647391577624,0.41582830315224684,0.9907533209659141,0.8892240150894841
58,http://scontent-b.cdninstagram.com/hphotos-xpa1/t51.2885-15/10453969_788611161189871_1383110607_n.jpg,0.020926780298175917,0.06919347259601008,0.34042462300824466,-1.0,0.01653744286385578,0.40420351146994743,0.020294010850527573,0.12403883121876201,0.3958600324661455,0.08306100217864924,1.0,-1.0,-1.0,-1.0,-1.0,-1.0,-1.0,-1.0,-1.0,-1.0,-1.0
59,http://scontent-b.cdninstagram.com/hphotos-xpf1/t51.2885-15/10534967_652006568210795_496300521_n.jpg,0.02463134765625,0.08193115234375,0.08329345703125,-1.0,0.08405029296875,0.11830810546875,0.18329345703125,0.131416015625,0.12228515625,0.25117919921875,2.0,0.01514892578125,0.0009716796875,0.9296482412060302,0.6950846091861402,3.0127324922822956,2.584369337034771,0.8177385345282024,0.7653846153846153,0.9433059238413014,0.922104224079324
60,http://scontent-b.cdninstagram.com/hphotos-xpa1/t51.2885-15/10354472_1433016080292864_59947775_n.jpg,0.042626953125,0.09172607421875,0.23147216796875,-1.0,0.10730224609375,0.27873779296875,0.26299560546875,0.11734619140625,0.3492236328125,0.245390625,3.0,0.0054248046875,0.00012939453125,0.9245283018867925,0.5149501661129569,7.60942647517409,2.599926986811596,0.8412698412698413,0.6305334846765039,0.9913273164818108,0.9230724225565797
61,http://scontent-a.cdninstagram.com/hphotos-xfa1/outbound-distilleryimage1/t0.0-17/OBPTH/5f451c6aad4211e3b74b1270dd981a11_8.jpg,0.02536865234375,0.051455078125,0.20833984375,-1.0,0.08604736328125,0.28786376953125,0.20870361328125,0.0966943359375,0.261181640625,0.11908935546875,1.0,-1.0,-1.0,-1.0,-1.0,-1.0,-1.0,-1.0,-1.0,-1.0,-1.0
62,http://scontent-a.cdninstagram.com/hphotos-xap1/t51.2885-15/1689326_617885311641977_1857663274_n.jpg,0.0020703125,0.02095458984375,0.19736083984375,-1.0,0.01439453125,0.240361328125,0.01188720703125,0.014052734375,0.2329150390625,0.00587646484375,1.0,0.0006298828125,0.0006298828125,0.7906976744186046,0.7906976744186046,1.3520830106089088,1.3520830106089088,0.7794561933534743,0.7794561933534743,0.6730471681481396,0.6730471681481396
63,http://scontent-a.cdninstagram.com/hphotos-xfa1/t51.2885-15/10560958_732047060187550_1504896624_n.jpg,0.10576904296875,0.1598681640625,0.23713623046875,-1.0,0.16927490234375,0.20660888671875,0.322802734375,0.27961669921875,0.313681640625,0.33158447265625,4.0,0.03000244140625,0.00067138671875,0.9994491875516387,0.5805334701205437,8.095515050759298,2.1139380158725607,0.9317423659225045,0.6264236902050114,0.9923414374585176,0.8810351705526523
64,http://scontent-a.cdninstagram.com/hphotos-xfp1/t51.2885-15/10369321_233966643469302_220311669_n.jpg,0.00927734375,0.18603759765625,0.07421142578125,-1.0,0.084140625,0.21385986328125,0.19708251953125,0.07727783203125,0.28854248046875,0.08156494140625,1.0,-1.0,-1.0,-1.0,-1.0,-1.0,-1.0,-1.0,-1.0,-1.0,-1.0
65,http://scontent-a.cdninstagram.com/hphotos-xfa1/outbound-distilleryimage2/t0.0-17/OBPTH/6ada13faafe011e3a7dc1272c310b776_8.jpg,0.064296875,0.29784912109375,0.55224609375,-1.0,0.1675830078125,0.4485986328125,0.16093017578125,0.21804443359375,0.564833984375,0.08714599609375,7.0,0.0087841796875,0.00019775390625,0.9958310172317955,0.654320987654321,3.3593886863990514,1.5484203141882524,0.8947945205479452,0.49279875437913584,0.9546678283648409,0.7634901446840779
66,http://scontent-a.cdninstagram.com/hphotos-xfa1/t51.2885-15/10013026_839484896064957_2076519841_n.jpg,0.029384765625,0.176181640625,0.282099609375,-1.0,0.1564111328125,0.3261669921875,0.22044677734375,0.18284423828125,0.3414599609375,0.12698974609375,1.0,0.0062744140625,0.0062744140625,0.5568093385214008,0.5568093385214008,4.035128874812319,4.035128874812319,0.8632851864292912,0.8632851864292912,0.9688051834371422,0.9688051834371422
67,http://scontent-a.cdninstagram.com/hphotos-xap1/t51.2885-15/927078_309137059251043_1822191841_n.jpg,0.101943359375,0.1199462890625,0.2741455078125,-1.0,0.1519384765625,0.4047265625,0.27725830078125,0.2615380859375,0.38650390625,0.28091796875,6.0,0.00314453125,0.0004443359375,0.978021978021978,0.5610972568578554,4.38674261359247,1.5418885619650229,0.8852097130242825,0.569129916567342,0.9736705963914486,0.7611675386488898
68,http://scontent-b.cdninstagram.com/hphotos-xpf1/outbound-distilleryimage11/t0.0-17/OBPTH/cd2ad0e483ad11e3a4ee0e1d609f6897_8.jpg,0.00584228515625,0.022412109375,0.06203857421875,-1.0,0.0328955078125,0.08715087890625,0.032998046875,0.014111328125,0.09666015625,0.018203125,1.0,-1.0,-1.0,-1.0,-1.0,-1.0,-1.0,-1.0,-1.0,-1.0,-1.0
69,http://scontent-b.cdninstagram.com/hphotos-xfp1/outbound-distilleryimage11/t0.0-17/OBPTH/0ec4c74aa81a11e3b1a41225198f21ef_8.jpg,0.2535546875,0.09801025390625,0.266318359375,-1.0,0.11705078125,0.38936279296875,0.436875,0.5759912109375,0.50040771484375,0.5852880859375,4.0,0.019873046875,0.00038330078125,0.9558011049723757,0.5764127764127764,2.9276017761009525,1.5695694019882245,0.8971428571428571,0.5541938997821351,0.9398539712093205,0.7707667607977585
70,http://scontent-b.cdninstagram.com/hphotos-xpf1/t51.2885-15/10349792_498051320295772_174075392_n.jpg,0.102861328125,0.5422509765625,0.53997314453125,-1.0,0.28980712890625,0.4926025390625,0.59103271484375,0.7504248046875,0.71947509765625,0.54889404296875,17.0,0.0111181640625,0.00013427734375,0.9844357976653697,0.5398457583547558,8.49998876290701,1.084487015588728,0.9166666666666666,0.42323651452282157,0.9930554531115782,0.3869636984138256
71,http://scontent-b.cdninstagram.com/hphotos-xpa1/t51.2885-15/10369414_774352849263650_1116280809_n.jpg,0.03417236328125,0.0052880859375,0.0293798828125,-1.0,0.027744140625,0.04711669921875,0.58099609375,0.24143798828125,0.68327880859375,0.8374267578125,1.0,0.00022216796875,0.00022216796875,0.967032967032967,0.967032967032967,2.2281229993668283,2.2281229993668283,0.900990099009901,0.900990099009901,0.893628081664189,0.893628081664189
72,http://scontent-b.cdninstagram.com/hphotos-xfa1/t51.2885-15/10013302_607974589288863_1094144462_n.jpg,0.06569580078125,0.12961181640625,0.51080078125,-1.0,0.21327392578125,0.3876708984375,0.339443359375,0.1616796875,0.440419921875,0.16427490234375,4.0,0.02679931640625,0.00019775390625,0.9934340118187788,0.7530864197530864,4.507333024208047,1.5987343274819086,0.801980198019802,0.521613832853026,0.9750783741273016,0.7802283395023693
73,http://scontent-b.cdninstagram.com/hphotos-xpa1/t51.2885-15/10454023_361063854061889_1154439541_n.jpg,0.01971435546875,0.1256396484375,0.17445068359375,-1.0,0.0614453125,0.241748046875,0.07064208984375,0.0799658203125,0.2047705078125,0.041572265625,1.0,0.011669921875,0.011669921875,0.9679916317991631,0.9679916317991631,1.2376048710845735,1.2376048710845735,0.7928346326090562,0.7928346326090562,0.589165569850917,0.589165569850917
74,http://scontent-b.cdninstagram.com/hphotos-xpf1/t51.2885-15/10544000_638129509615687_664159173_n.jpg,0.04390869140625,0.08080078125,0.35297119140625,-1.0,0.1322314453125,0.42549072265625,0.31218994140625,0.1809130859375,0.54875244140625,0.286064453125,4.0,0.00267333984375,0.00031494140625,0.9680365296803652,0.7003105590062112,5.481149957891899,1.3258653634867201,0.8932038834951457,0.39570552147239263,0.9832163451888536,0.6566167556788314
75,http://scontent-b.cdninstagram.com/hphotos-xap1/outbound-distilleryimage8/t0.0-17/OBPTH/5302d7ae744811e391a60e0f3ace799c_8.jpg,0.05350830078125,0.0059619140625,0.02388916015625,-1.0,0.066826171875,0.08435791015625,0.40514892578125,0.41208740234375,0.440849609375,0.584892578125,1.0,-1.0,-1.0,-1.0,-1.0,-1.0,-1.0,-1.0,-1.0,-1.0,-1.0
76,http://scontent-a.cdninstagram.com/hphotos-xap1/t51.2885-15/10499253_803647923000710_1126731027_n.jpg,0.36633056640625,0.35645263671875,0.57914306640625,-1.0,0.38984619140625,0.33921142578125,0.4533740234375,0.67661865234375,0.6566796875,0.6878125,1.0,0.64787353515625,0.64787353515625,0.8584650053321978,0.8584650053321978,1.2999474597749003,1.2999474597749003,0.9388773903660068,0.9388773903660068,0.6389336363868136,0.6389336363868136
77,http://scontent-a.cdninstagram.com/hphotos-xaf1/outbound-distilleryimage8/t0.0-17/OBPTH/706a6b0aa96211e3b2e0121b6f9dd0b4_8.jpg,0.06697021484375,0.23710205078125,0.3657666015625,-1.0,0.1713818359375,0.4114306640625,0.38689453125,0.409560546875,0.5578271484375,0.36579345703125,1.0,0.00810546875,0.00810546875,0.8349397590361446,0.8349397590361446,1.9665397032222092,1.9665397032222092,0.7775175644028103,0.7775175644028103,0.8610576169689392,0.8610576169689392
78,http://scontent-b.cdninstagram.com/hphotos-xap1/t51.2885-15/10514070_1443629125912122_394826150_n.jpg,0.1071923828125,0.207333984375,0.30620849609375,-1.0,0.06558837890625,0.14265625,0.24992431640625,0.2238134765625,0.36820068359375,0.1920654296875,7.0,0.05710693359375,0.00019287109375,0.9881918819188192,0.7940655447298495,4.767613569537068,1.5838394021593174,0.8556701030927835,0.6474470976509415,0.9777553623946806,0.7754759188208736
79,http://scontent-a.cdninstagram.com/hphotos-xpa1/t51.2885-15/924950_722727244438837_1929669368_n.jpg,0.0531396484375,0.23333251953125,0.42022705078125,-1.0,0.1519091796875,0.625771484375,0.14591796875,0.27137451171875,0.5348974609375,0.1728466796875,2.0,0.04412109375,0.00227783203125,0.6827438370846731,0.6299800796812749,2.0224678560628444,1.1021792966118047,0.8386857248932615,0.6926503340757239,0.8692086695681654,0.42049814348568576
80,http://scontent-b.cdninstagram.com/hphotos-xfp1/t51.2885-15/10311235_249706915240183_1244954502_n.jpg,0.04591064453125,0.0180224609375,0.03087158203125,-1.0,0.114345703125,0.1661328125,0.35705322265625,0.4454296875,0.34037109375,0.58588623046875,1.0,0.001943359375,0.001943359375,0.6017587939698492,0.6017587939698492,1.8530227083020154,1.8530227083020154,0.8963963963963963,0.8963963963963963,0.8418838316943124,0.8418838316943124
81,http://scontent-b.cdninstagram.com/hphotos-xaf1/t51.2885-15/1209720_304822109688952_1999222406_n.jpg,0.12408203125,0.39875244140625,0.4441064453125,-1.0,0.307177734375,0.54526123046875,0.2865380859375,0.4131298828125,0.578173828125,0.25492919921875,10.0,0.00984375,0.000126953125,0.9910141206675225,0.5077092511013216,6.352668823391485,1.193841979960332,0.8818181818181818,0.3554083885209713,0.9875326746742965,0.5462352761181161
82,http://scontent-b.cdninstagram.com/hphotos-xpf1/t51.2885-15/10467760_880650065282931_1025280287_n.jpg,0.17475341796875,0.1613330078125,0.19503173828125,-1.0,0.19435546875,0.38155517578125,0.24357177734375,0.503310546875,0.4182958984375,0.4166796875,8.0,0.0176220703125,0.00068115234375,0.9893617021276596,0.5234136880022167,7.703338407111347,1.2398537145934303,0.8405365126676602,0.5667963683527886,0.991538382970426,0.5911702962961167
83,http://scontent-a.cdninstagram.com/hphotos-xpa1/t51.2885-15/10375868_1497333730496377_217734337_n.jpg,0.02576416015625,0.180478515625,0.2811376953125,-1.0,0.13322265625,0.238935546875,0.25294189453125,0.172724609375,0.38731201171875,0.12911865234375,3.0,0.00234130859375,0.00015380859375,0.9523809523809523,0.8428571428571429,2.4533210739384694,1.291269890149732,0.8871415356151712,0.49295774647887325,0.9131557866830406,0.6326578421928007
84,http://scontent-a.cdninstagram.com/hphotos-xap1/t51.2885-15/1738749_1460956047466564_1736986654_n.jpg,0.0928125,0.05338623046875,0.27976318359375,-1.0,0.15739501953125,0.46538330078125,0.3854833984375,0.221318359375,0.4466748046875,0.35421875,1.0,-1.0,-1.0,-1.0,-1.0,-1.0,-1.0,-1.0,-1.0,-1.0,-1.0
85,http://scontent-b.cdninstagram.com/hphotos-xaf1/t51.2885-15/10554186_535223426604024_376152843_n.jpg,0.0668408203125,0.121806640625,0.4486181640625,-1.0,0.12861083984375,0.559072265625,0.39627197265625,0.30771484375,0.639775390625,0.34416748046875,2.0,0.0007861328125,0.00069091796875,0.6148409893992933,0.5403726708074534,1.8783513809882635,1.136998649513435,0.8655913978494624,0.8062678062678063,0.8465043825150098,0.47588313947445526
86,http://scontent-b.cdninstagram.com/hphotos-xfp1/outbound-distilleryimage6/t0.0-17/OBPTH/85e4e916b09b11e39227127b15a688ce_8.jpg,0.1111474609375,0.20549072265625,0.27796875,-1.0,0.1273388671875,0.45596435546875,0.10800048828125,0.31017822265625,0.35666015625,0.2394091796875,10.0,0.01695556640625,0.00023681640625,0.9769266266728196,0.5758835758835759,20.31646926822135,1.6309606418144829,0.8902261880058103,0.434243803743045,0.9987879045634123,0.7899776957885626
87,http://scontent-a.cdninstagram.com/hphotos-xpf1/t51.2885-15/1516985_620981014648052_738987548_n.jpg,0.0205908203125,0.0558447265625,0.1583251953125,-1.0,0.06451416015625,0.18283203125,0.06813232421875,0.07896728515625,0.22525634765625,0.0613427734375,1.0,0.0010498046875,0.0010498046875,0.9953488372093023,0.9953488372093023,1.2423235530928842,1.2423235530928842,0.7918968692449355,0.7918968692449355,0.5933517593662465,0.5933517593662465
88,http://scontent-a.cdninstagram.com/hphotos-xpa1/t51.2885-15/10553984_770725872949898_1814608461_n.jpg,0.07091552734375,0.10852783203125,0.23237060546875,-1.0,0.18809326171875,0.3460546875,0.5091552734375,0.2700146484375,0.581083984375,0.3641552734375,3.0,0.001103515625,0.00018798828125,0.8189655172413793,0.5194805194805194,1.824596166742278,1.2572848304844266,0.9586776859504132,0.7943760984182777,0.83643477487253,0.6061311397579067
89,http://scontent-a.cdninstagram.com/hphotos-xpf1/t51.2885-15/10499126_1431920040429077_847526530_n.jpg,0.043037109375,0.1097900390625,0.1696875,-1.0,0.09977294921875,0.31209228515625,0.2499462890625,0.30888916015625,0.38585693359375,0.3065966796875,2.0,0.0035595703125,0.00033935546875,0.9424460431654677,0.8024691358024691,5.721966209973702,2.665014291176807,0.6289592760180995,0.5194157463484147,0.9846101561692151,0.9269307222806465
90,http://scontent-a.cdninstagram.com/hphotos-xaf1/outbound-distilleryimage10/t0.0-17/OBPTH/a7e9c50cab2a11e3b9f31293dcb0414a_8.jpg,0.19611572265625,0.4139990234375,0.5652001953125,-1.0,0.28517578125,0.36137451171875,0.54379638671875,0.5900439453125,0.66011962890625,0.53107666015625,5.0,0.11770751953125,0.00032470703125,0.9924812030075187,0.6580882352941176,9.871277541990594,1.9766386940901561,0.7232049947970863,0.38662856743389434,0.9948555159086346,0.8625866495615763
91,http://scontent-b.cdninstagram.com/hphotos-xfp1/outbound-distilleryimage11/t0.0-17/OBPTH/f3e62358b31111e38db01268a28414c7_7.jpg,0.12445266777735059,0.19119515998120382,0.2794010850527575,-1.0,0.2963016361228587,0.4704387201503695,0.26424131744200946,0.40264428211371694,0.6270852022726302,0.29677688068691527,8.0,0.017784292366183948,0.0006381092742107736,0.9850187265917603,0.5266476505029275,3.439238609239947,1.2389840099226104,0.7810457516339869,0.19190650428704056,0.9567954022964689,0.5903971011798451
92,http://scontent-b.cdninstagram.com/hphotos-xap1/t51.2885-15/10467768_1436995143239014_998399760_n.jpg,0.0254345703125,0.1575830078125,0.17406982421875,-1.0,0.14017822265625,0.28615234375,0.1337939453125,0.2706884765625,0.3166357421875,0.1928369140625,2.0,0.00127685546875,0.00109619140625,0.9532293986636972,0.6233269598470363,2.1342319485510837,1.2476711866409467,0.7093206951026856,0.5391752577319587,0.8834355831849525,0.5980038580880336
93,http://scontent-a.cdninstagram.com/hphotos-xap1/t51.2885-15/10488690_1459463277642580_1035139727_n.jpg,0.0169482421875,0.036826171875,0.104052734375,-1.0,0.0055810546875,0.12947265625,0.01753173828125,0.0455029296875,0.15341796875,0.03357666015625,1.0,0.0001904296875,0.0001904296875,0.5769230769230769,0.5769230769230769,1.364935251249011,1.364935251249011,0.9069767441860465,0.9069767441860465,0.6806212205742422,0.6806212205742422
94,http://scontent-a.cdninstagram.com/hphotos-xfa1/outbound-distilleryimage10/t0.0-17/OBPTH/4ef58ffa669511e3be040e37929c2f0e_8.jpg,0.041123046875,0.120771484375,0.4568359375,-1.0,0.22584228515625,0.479775390625,0.26616455078125,0.17698486328125,0.59629150390625,0.15617431640625,3.0,0.00071044921875,0.00012451171875,0.9767441860465116,0.6470588235294118,2.073052740685946,1.6684538877550157,0.8174157303370787,0.7413793103448276,0.8759618453316281,0.8004816296419986
95,http://scontent-b.cdninstagram.com/hphotos-xfp1/outbound-distilleryimage7/t0.0-17/OBPTH/2297d78ca80411e393a00e5d5ec921df_8.jpg,0.08903076171875,0.05012451171875,0.10993896484375,-1.0,0.1670361328125,0.22093994140625,0.322392578125,0.35191162109375,0.5027197265625,0.5662890625,5.0,0.005693359375,0.0002490234375,0.8604651162790697,0.6140350877192983,11.647853263902917,1.4735861620231905,0.8669201520912547,0.45535714285714285,0.9963078383568912,0.7344927084932023
96,http://scontent-b.cdninstagram.com/hphotos-xap1/t51.2885-15/927663_1453998531513253_783237909_n.jpg,0.1337158203125,0.25525390625,0.14716796875,-1.0,0.1978271484375,0.3209326171875,0.373779296875,0.441923828125,0.493212890625,0.4962744140625,9.0,0.037431640625,0.00072021484375,0.9619840695148443,0.5071745369162536,5.0571467495782665,1.1883108878370279,0.9044894106542387,0.5835300288486756,0.9802545118001202,0.5402094159164927
97,http://scontent-a.cdninstagram.com/hphotos-xaf1/outbound-distilleryimage3/t0.0-17/OBPTH/3532e6f4a7fd11e3916c120c289588fb_8.jpg,0.05251220703125,0.12076904296875,0.36275634765625,-1.0,0.139453125,0.39154052734375,0.23227294921875,0.1930419921875,0.39759521484375,0.18562255859375,7.0,0.00567138671875,0.00012939453125,0.9978354978354979,0.7619047619047619,2.295777326759691,1.3984319841357777,0.9067164179104478,0.49074074074074076,0.9001489031761882,0.6990358551258209
98,http://scontent-a.cdninstagram.com/hphotos-xaf1/outbound-distilleryimage8/t0.0-17/OBPTH/7e3da02ca81211e38dfc0e96a2f1168c_8.jpg,0.04958984375,0.03656005859375,0.06026611328125,-1.0,0.135634765625,0.09757080078125,0.600419921875,0.53915771484375,0.75838623046875,0.74015625,1.0,-1.0,-1.0,-1.0,-1.0,-1.0,-1.0,-1.0,-1.0,-1.0,-1.0
99,http://scontent-b.cdninstagram.com/hphotos-xap1/t51.2885-15/926640_431099663679404_1169494053_n.jpg,0.01340087890625,0.005302734375,0.0178662109375,-1.0,0.020439453125,0.05695068359375,0.4821630859375,0.1868896484375,0.2440283203125,0.58013916015625,1.0,-1.0,-1.0,-1.0,-1.0,-1.0,-1.0,-1.0,-1.0,-1.0,-1.0
100,http://scontent-a.cdninstagram.com/hphotos-xpa1/outbound-distilleryimage3/t0.0-17/OBPTH/1fb37854b2be11e384a0124609a1fc77_8.jpg,0.08038818359375,0.17181884765625,0.4727685546875,-1.0,0.21475830078125,0.41762939453125,0.2537548828125,0.18216552734375,0.52277099609375,0.17475830078125,3.0,0.0580419921875,0.001162109375,0.9348739495798319,0.6094052326070497,3.26441870344718,2.291884930958289,0.7486695008660054,0.39324681290915353,0.9519243342910629,0.8997905548399833
101,http://scontent-b.cdninstagram.com/hphotos-xap1/t51.2885-15/10369468_392939977515233_639048669_n.jpg,0.14117431640625,0.08933349609375,0.20554443359375,-1.0,0.15007568359375,0.28191162109375,0.1736474609375,0.3470263671875,0.4044921875,0.367919921875,12.0,0.0581005859375,0.0002880859375,0.9450704225352112,0.5362997658079626,3.5922541668922063,1.1720635263235766,0.9348680075424262,0.499056158565361,0.9604719627780411,0.5215903162979777
102,http://scontent-b.cdninstagram.com/hphotos-xpf1/outbound-distilleryimage7/t0.0-17/OBPTH/037c0ea4a68311e39a00129ce97e08e3_8.jpg,0.06685546875,0.06401611328125,0.05587646484375,-1.0,0.111064453125,0.37072265625,0.35204833984375,0.5044580078125,0.51911865234375,0.522548828125,1.0,0.0005712890625,0.0005712890625,0.6068376068376068,0.6068376068376068,2.25663223988889,2.25663223988889,0.7932203389830509,0.7932203389830509,0.896453298064387,0.896453298064387
103,http://scontent-b.cdninstagram.com/hphotos-xap1/t51.2885-15/10454055_294729410705963_857371960_n.jpg,0.04150634765625,0.04749755859375,0.24305419921875,-1.0,0.1761572265625,0.3615771484375,0.288271484375,0.21790283203125,0.3001904296875,0.2394482421875,1.0,0.00065185546875,0.00065185546875,0.7078651685393258,0.7078651685393258,2.4596586118987265,2.4596586118987265,0.43485342019543977,0.43485342019543977,0.9136238675940661,0.9136238675940661
104,http://scontent-b.cdninstagram.com/hphotos-xaf1/t51.2885-15/10570167_608798625902660_220118478_n.jpg,0.02948974609375,0.20888671875,0.44270263671875,-1.0,0.21041259765625,0.37385009765625,0.22715087890625,0.17203369140625,0.39718017578125,0.1234619140625,1.0,-1.0,-1.0,-1.0,-1.0,-1.0,-1.0,-1.0,-1.0,-1.0,-1.0
105,http://scontent-b.cdninstagram.com/hphotos-xpa1/t51.2885-15/10326654_586809894761122_944764804_n.jpg,0.0834423828125,0.084912109375,0.19589111328125,-1.0,0.0943359375,0.3762841796875,0.2231005859375,0.24479736328125,0.51031005859375,0.35031494140625,3.0,0.007490234375,0.0003125,0.9410039113428944,0.609375,2.0988759455329293,1.4535044348940347,0.8668730650154799,0.45177440730378443,0.8792040065964858,0.7257178941377416
106,http://scontent-a.cdninstagram.com/hphotos-xaf1/t51.2885-15/10576059_690938067651513_502336299_n.jpg,0.083291015625,0.36383544921875,0.3917724609375,-1.0,0.19703369140625,0.5360693359375,0.4711328125,0.51913330078125,0.69354736328125,0.32232177734375,7.0,0.016748046875,0.00012451171875,0.8823529411764706,0.6094147582697201,6.490845675585512,1.2773918491513245,0.864406779661017,0.4664024500090074,0.9880610062279225,0.6222165925014603
107,http://scontent-b.cdninstagram.com/hphotos-xfp1/t51.2885-15/891426_622525684512908_252373720_n.jpg,0.04362548828125,0.18722412109375,0.27568359375,-1.0,0.1040478515625,0.30821044921875,0.26516357421875,0.3018408203125,0.56969970703125,0.27238525390625,6.0,0.009150390625,0.0002099609375,0.9967637540453075,0.6162790697674418,3.71422739029059,1.9377784744400761,0.9177277179236043,0.5765124555160143,0.9630745123983515,0.8565555330029
108,http://scontent-b.cdninstagram.com/hphotos-xap1/t51.2885-15/1168749_1420843868191927_843586740_n.jpg,0.07967041015625,0.270048828125,0.252041015625,-1.0,0.250595703125,0.42001953125,0.47720703125,0.44516357421875,0.4802783203125,0.50795654296875,2.0,0.0209033203125,0.00323486328125,0.8030188679245283,0.6354823639336603,3.0594409116795998,2.229335578712226,0.8094074526573,0.5990764063811923,0.9450737710695494,0.8937506424906797
109,http://scontent-b.cdninstagram.com/hphotos-xpa1/t51.2885-15/10520315_344779989006287_582229542_n.jpg,0.029443359375,0.0740380859375,0.21080810546875,-1.0,0.05812744140625,0.1676611328125,0.06866943359375,0.05250244140625,0.269599609375,0.0257275390625,2.0,0.00099609375,0.000322265625,0.9166666666666666,0.5735294117647058,1.9640108329279446,1.7995746383057847,0.8516129032258064,0.7095652173913043,0.8606706070064496,0.8313916654206814
110,http://scontent-a.cdninstagram.com/hphotos-xfp1/t51.2885-15/10369373_599021663530089_647654752_n.jpg,0.01081298828125,0.00881591796875,0.21146484375,-1.0,0.01583740234375,0.299501953125,0.23832763671875,0.1776318359375,0.56359130859375,0.105703125,1.0,-1.0,-1.0,-1.0,-1.0,-1.0,-1.0,-1.0,-1.0,-1.0,-1.0
111,http://scontent-a.cdninstagram.com/hphotos-xaf1/outbound-distilleryimage3/t0.0-17/OBPTH/cda8e61ea95511e3aa45123fe2c0d3cb_7.jpg,0.008471634841300354,0.03046638045196292,0.23697883292750652,-1.0,0.14381754880601477,0.37411358879063605,0.2908363236362083,0.05371064547823487,0.2351766414626853,0.04018219488231022,1.0,0.0037538980733905765,0.0037538980733905765,0.6578947368421053,0.6578947368421053,2.4496910783715258,2.4496910783715258,0.7755102040816326,0.7755102040816326,0.9128859338706851,0.9128859338706851
112,http://scontent-a.cdninstagram.com/hphotos-xpa1/outbound-distilleryimage1/t0.0-17/OBPTH/4f6f1968a80a11e387e21288611c7ec9_8.jpg,0.09324462890625,0.0165087890625,0.19890625,-1.0,0.19542236328125,0.16845947265625,0.7380419921875,0.52863525390625,0.6936669921875,0.793291015625,4.0,0.1155859375,0.00109130859375,0.9798657718120806,0.5270805812417437,5.12563392338266,1.2628342038320717,0.8324022346368715,0.4803299492385787,0.9807837891090702,0.6106902295596413
113,http://scontent-a.cdninstagram.com/hphotos-xap1/t51.2885-15/10542756_1529169537303941_35846865_n.jpg,0.02243896484375,0.13968505859375,0.134013671875,-1.0,0.05912353515625,0.16576904296875,0.16786376953125,0.1197607421875,0.26765869140625,0.1254541015625,6.0,0.0060302734375,0.0002001953125,0.9960159362549801,0.6769662921348315,3.3778959681095744,1.8137578128698613,0.8241574908241575,0.45454545454545453,0.9551748387910537,0.8342796425156062
114,http://scontent-b.cdninstagram.com/hphotos-xfa1/t51.2885-15/914768_1444377619179753_316572190_n.jpg,0.05676025390625,0.00840576171875,0.0095263671875,-1.0,0.17726318359375,0.23719970703125,0.55901123046875,0.50096435546875,0.4125634765625,0.770537109375,1.0,-1.0,-1.0,-1.0,-1.0,-1.0,-1.0,-1.0,-1.0,-1.0,-1.0
115,http://scontent-a.cdninstagram.com/hphotos-xpf1/t51.2885-15/10005509_489945394465164_797340445_n.jpg,0.03488525390625,0.170771484375,0.123505859375,-1.0,0.1642041015625,0.18896728515625,0.35607421875,0.15043701171875,0.28593505859375,0.33084716796875,4.0,0.005673828125,0.0002978515625,0.9897660818713451,0.9195652173913044,5.474092513188348,2.172723555963036,0.7707042253521127,0.5071664829106945,0.9831726702399975,0.8877884037853425
